上位のクエリ,クリック数,表示回数,CTR,掲載順位
社会保険料 パート,254,5092,4.99%,1.94
パート 社会保険,244,4860,5.02%,3.7
教育訓練給付制度 60歳以上,150,2682,5.59%,6.28
雇用保険 役員の家族,146,536,27.24%,2.51
夫が退職 妻の健康保険,145,1647,8.8%,3.25
一斉休憩の適用除外に関する労使協定書,144,1702,8.46%,4.63
雇用保険 社長の息子,137,1587,8.63%,3.7
夫が退職 したら 妻の健康保険は どうなる,131,1159,11.3%,2.12
遺族年金 非課税,126,1633,7.72%,2.3
15日締め 25日払い 社会保険料 退職,95,420,22.62%,1.28
労働保険 法人成り 手続き,89,251,35.46%,2.26
夫が退職 妻の扶養はどうなる,87,3004,2.9%,6.49
夫が退職 妻の扶養は どうなる,84,3276,2.56%,7.14
社会保険とは,84,1572,5.34%,2.19
88000円 社会保険料,82,2151,3.81%,3.9
遺族年金 社会保険 扶養,80,305,26.23%,1.62
社会保険加入条件,79,2365,3.34%,2.45
役員の家族 雇用保険,77,265,29.06%,2.48
夫が退職したら妻の健康保険はどうなる,75,496,15.12%,2.16
月平均所定労働時間 毎年変わる,73,887,8.23%,2.57
15日締め 25日払い 社会保険料,72,447,16.11%,1.37
雇用保険 社長の妻,71,432,16.44%,3.06
夫が退職 妻の健康保険はどうなる,70,391,17.9%,1.94
社会保険,65,1761,3.69%,2.53
社会保険料,61,8377,0.73%,1.24
遺族年金 健康保険 扶養,61,308,19.81%,1.7
法人 家族従業員 雇用保険,61,245,24.9%,2.45
夜勤 有給 2日消化,57,544,10.48%,2.2
雇用保険 役員 親族,57,226,25.22%,2.5
教育訓練給付制度 65歳以上,56,282,19.86%,3.42
事務所労災,55,1206,4.56%,6.34
健康保険 扶養 遺族年金 180万円,55,394,13.96%,1.77
有給 買取,53,11230,0.47%,2.77
雇用保険 家族従業員,53,1672,3.17%,5.89
遺族年金受給者 扶養に入れる,52,939,5.54%,2.94
残業 休憩なし,52,313,16.61%,2.48
夫が退職 妻の国民年金免除,50,1398,3.58%,8.74
家族経営 雇用保険,50,754,6.63%,4.09
社長の妻 雇用保険,50,388,12.89%,3.13
雇用保険 社長の息子 別居,49,875,5.6%,4.93
建設業 事務所労災保険料率,49,314,15.61%,3.37
役員の妻 雇用保険,49,149,32.89%,2.34
有給買取 退職時,48,6868,0.7%,6.55
社会保険料 計算,48,803,5.98%,2.29
遺族年金 非課税 おかしい,48,699,6.87%,2.02
社会保険 扶養 遺族年金,47,174,27.01%,1.64
遺族年金 扶養,46,1357,3.39%,5.16
事務所労災 保険料率,45,477,9.43%,6.49
社会保険 法人成り 変更届,45,208,21.63%,2.41
社会保険料 15日締め25日払い,43,178,24.16%,1.33
アルバイト 慶弔休暇,42,426,9.86%,2.52
残業単価 毎月変わる,41,404,10.15%,2.63
健康保険 扶養 遺族年金,41,218,18.81%,1.72
労働保険 法人成り,41,88,46.59%,2.39
遺族年金 扶養 デメリット,40,1669,2.4%,7.68
雇用保険 代表者の家族,40,173,23.12%,2.87
雇用保険 法人成り,40,98,40.82%,1.97
算定基礎届 夜勤 日数,40,66,60.61%,1.06
88000円 社会保険料 いくら引かれる,39,1425,2.74%,6.34
建設業 事務所労災 手続き,38,360,10.56%,2.88
遺族年金 扶養に入れる,37,760,4.87%,3.44
建設業 事務所労災 保険料率,37,211,17.54%,4.52
雇用保険 家族,36,736,4.89%,5.78
親を扶養に入れる 遺族年金,35,150,23.33%,1.81
夫が退職 妻の国民年金 免除,34,1891,1.8%,8.03
雇用保険 親族,34,1114,3.05%,7.14
慶弔休暇 パート,34,937,3.63%,5.12
雇用保険 家族経営,33,248,13.31%,2.84
家族従業員 雇用保険,32,833,3.84%,6.68
夫定年退職 妻の健康保険いくら,31,1084,2.86%,5.36
夜勤 有給,31,938,3.3%,6.36
パート 慶弔休暇,31,744,4.17%,6.03
夫が退職したら,31,450,6.89%,2.69
教育訓練給付制度 45歳以上,30,2286,1.31%,11.96
年金制度改正により、社会保険加入の拡大で年金額が増える可能性があります,30,1751,1.71%,2.84
雇用保険 役員家族,30,99,30.3%,2.46
算定基礎 夜勤 日数,30,57,52.63%,1.11
事務所労災とは,29,939,3.09%,6.87
慶弔休暇 アルバイト,28,353,7.93%,3.07
社長の息子 雇用保険,28,88,31.82%,1.74
有給買取 退職時 拒否,27,1584,1.7%,6.77
88000円 社会保険料 いくら,27,792,3.41%,4.59
旦那が退職したら,27,458,5.9%,2.35
遺族年金 税金,27,456,5.92%,2.08
遺族年金 180万以上,27,208,12.98%,1.76
夜勤 有給 2日 消化,27,189,14.29%,1.75
社会保険 扶養 遺族年金収入,27,78,34.62%,1.28
パート 社会保険料 いくら,26,1393,1.87%,3.74
教育訓練給付制度 50歳以上,26,1107,2.35%,4.36
遺族年金,26,525,4.95%,2.41
建設業 事務所労災,26,246,10.57%,4.93
休憩 一斉付与 労使協定 届出,26,136,19.12%,1.76
有給買取,25,7764,0.32%,3.55
遺族年金 確定申告,24,467,5.14%,2.25
パート 社会保険料 計算 シュミレーション,24,296,8.11%,2.72
残業代 毎月 違う,24,235,10.21%,2.11
遺族年金 非課税 なぜ,24,182,13.19%,2.14
88000円 社会保険,23,1644,1.4%,2.8
夫 定年退職 妻の健康保険 いくら,23,1623,1.42%,3.48
社会保険と国民保険どっちが得 パート,23,619,3.72%,2.15
夫退職 妻社会保険,23,105,21.9%,1.18
パート 社会保険料,22,381,5.77%,3.7
雇用保険 配偶者,22,305,7.21%,3.69
一斉休憩 労使協定,22,200,11%,5.25
残業代 月によって違う,22,180,12.22%,10.92
パート88000円 社会保険料,21,373,5.63%,4.72
パートで社会保険,21,367,5.72%,2.05
職業訓練 65歳 ブログ,21,222,9.46%,8.9
有給 買い取り,20,5309,0.38%,8.59
88000円 社会保険料 いくら 引 かれる,20,1484,1.35%,6.23
パート 社会保険 いくら引かれる,20,1150,1.74%,13.54
就業規則 退職 3ヶ月前,20,1052,1.9%,7.43
雇用保険 同居の親族,20,870,2.3%,7.89
事務所労災 計算方法,20,210,9.52%,8.2
夜勤専従 有給 2日 消化,20,91,21.98%,1.77
神奈川県最低賃金 正社員,19,1975,0.96%,6.17
旦那が退職したら妻の扶養はどうなる,19,1058,1.8%,6.07
88000円 社会保険 いくらひかれる,19,1009,1.88%,6.2
現場労災 事務所労災 違い,19,609,3.12%,6.29
厚生年金保険料,19,516,3.68%,2.36
教育訓練給付制度,19,498,3.82%,1.65
職業訓練校 70歳以上,19,492,3.86%,6.01
雇用保険 親族 別居 加入義務,19,484,3.93%,6.88
健康保険,19,322,5.9%,2.57
事務所労災 建設業,19,253,7.51%,5.28
遺族年金は年収に入るのか,19,172,11.05%,4.43
法人成り 労働保険,19,41,46.34%,1.46
有給休暇 買い取り,18,3292,0.55%,5.39
任意特定適用事業所,18,1731,1.04%,7.47
同居の親族 雇用保険,18,658,2.74%,8.48
遺族年金は収入になるのか,18,306,5.88%,2.05
雇用保険とは,17,421,4.04%,2.14
平均賃金 休業手当がある場合,17,413,4.12%,7.74
社会保険料とは,17,383,4.44%,2.24
遺族年金 所得税,17,266,6.39%,2.07
遺族年金は非課税,17,218,7.8%,2.5
遺族年金非課税,17,204,8.33%,2.35
一斉休憩の適用除外 届出,17,179,9.5%,1.68
遺族年金受給者を扶養にできる範囲の収入,17,82,20.73%,1.68
任意特定適用事業所とは,16,1363,1.17%,7.77
国民健康保険,16,383,4.18%,2.17
夫が会社を辞めたら,16,170,9.41%,1.47
社会保険料 15日締め 25日払い,16,168,9.52%,1.58
雇用保険 役員の親族,16,52,30.77%,2.31
退職時 有給買取,15,2077,0.72%,4.62
有給休暇 買取 退職,15,1784,0.84%,10.94
神奈川県 最低賃金 正社員,15,1417,1.06%,7.01
15日締め 月末退職 社会保険料,15,1197,1.25%,9.39
扶養 遺族年金,15,532,2.82%,5.57
社会保険 いくら引かれる,15,396,3.79%,2
同居親族 雇用保険,15,341,4.4%,6.52
社会保険とは わかりやすく,15,290,5.17%,2.1
配偶者 雇用保険,15,172,8.72%,4.32
国民年金保険料,15,167,8.98%,2.69
遺族年金非課税とは,15,143,10.49%,2.18
残業 休憩時間,14,1781,0.79%,12.22
月収88000円 社会保険料,14,685,2.04%,5.65
退職 3ヶ月前 就業規則,14,547,2.56%,6.75
夫が退職 妻 パート,14,512,2.73%,8.15
パートでも社会保険,14,222,6.31%,2.07
遺族年金 非課税 見直し,14,172,8.14%,2.27
雇用保険 経営者 家族,14,67,20.9%,2.6
社長の奥さん 雇用保険,14,43,32.56%,2.49
退職 有給 買取,13,3160,0.41%,6.72
退職時の有給買取,13,948,1.37%,5.61
有給休暇 退職時 買取,13,502,2.59%,5.02
遺族年金 受給者 扶養に入れる,13,295,4.41%,2.57
雇用保険 身内 は入れない,13,229,5.68%,4.49
社保加入条件,13,223,5.83%,2.78
旦那が会社を辞めたら,13,214,6.07%,2.27
15日締め25日払い 社会保険料,13,65,20%,1.34
役員 家族 雇用保険,13,25,52%,2.48
有給 買取 退職,12,2548,0.47%,11.25
退職 3ヶ月前,12,1187,1.01%,9.57
退職 有給消化 義務,12,1130,1.06%,6.18
2026年4月から在職老齢年金制度が見直されます,12,846,1.42%,2.95
旦那が無職の場合 扶養,12,400,3%,7.18
国保と社保の違い,12,335,3.58%,2.27
ハラスメントの境界線,12,313,3.83%,5.27
夫が退職 妻パート,12,301,3.99%,9.69
国民健康保険と社会保険の違い,12,287,4.18%,2.28
夫退職後 妻の健康保険,12,151,7.95%,3.47
社会保険と厚生年金はセットなの,12,132,9.09%,2.11
遺族年金は非課税なんですか,12,130,9.23%,2.14
遺族年金 非課税 住民税,12,128,9.38%,2.23
休憩 一斉付与 労使協定,12,117,10.26%,6.2
事務所労災 成立届,12,57,21.05%,4.93
親 扶養 遺族年金,12,31,38.71%,2
法人成り 労働保険 手続き,12,23,52.17%,1.39
有給の買い取り,11,1279,0.86%,4.93
有休買取 退職時,11,1242,0.89%,5.98
社保とは,11,424,2.59%,1.55
遺族年金 扶養家族,11,382,2.88%,5.43
社会保険 加入条件,11,375,2.93%,2.68
雇用保険 親族 適用除外,11,360,3.06%,5.95
遺族年金をもらっていると扶養に入れない,11,286,3.85%,5.22
社保 国保 違い,11,284,3.87%,2.16
雇用保険と社会保険の違い,11,263,4.18%,2.08
パート 社会保険 加入したくない,11,258,4.26%,2.56
88000 社会保険料,11,246,4.47%,3.85
夫婦ともに 無職 扶養,11,246,4.47%,5.63
夫が退職 扶養から外れる,11,169,6.51%,4.28
パート 賞与なし 違法,10,1330,0.75%,7.44
神奈川県最低賃金 月給,10,550,1.82%,4.67
夫が退職 妻の扶養は どうなる 知恵袋,10,459,2.18%,9.68
パート社会保険料,10,351,2.85%,1.5
遺族年金 扶養控除,10,312,3.21%,2.69
夜勤 有給休暇,10,234,4.27%,6.42
パート 社会保険 いくら,10,219,4.57%,2.28
夫が仕事を辞めたら,10,187,5.35%,1.58
健康保険料,10,163,6.13%,2.03
事務所等労災,10,158,6.33%,6.74
遺族年金 住民税,10,139,7.19%,2.16
遺族年金 非課税 ずるい,10,131,7.63%,3.59
降格 不利益変更,10,128,7.81%,4.3
労働保険 建設業 事務員,10,40,25%,2.4
役員家族 雇用保険,10,39,25.64%,2.49
有休 買取 退職時,9,1152,0.78%,6.21
神奈川県 最低賃金 月給,9,905,0.99%,5.16
有給消化 義務 退職時,9,863,1.04%,4.16
夫 無職 扶養,9,470,1.91%,7.06
給料88000円 社会保険料,9,406,2.22%,4.74
一斉休憩の適用除外,9,389,2.31%,5.29
親族 雇用保険,9,291,3.09%,7.2
10日締め 25日払い 社会保険料 退職,9,283,3.18%,7.48
社会保険と国民保険どっちが得,9,280,3.21%,2.14
有給買取 1000円,9,244,3.69%,3.56
現場労災 事務所労災,9,239,3.77%,6.79
厚生年金とは,9,211,4.27%,2.21
事務所等の労災保険,9,206,4.37%,6.31
社会保険料 パート いくら,9,173,5.2%,3.11
社会保険事務所,9,142,6.34%,2.15
遺族年金は非課税ですか,9,132,6.82%,2.27
遺族年金 国民健康保険料 減免,9,127,7.09%,2.72
社長の家族 雇用保険,9,36,25%,2.86
遺族厚生年金 金額 早見表 65歳以上,8,1281,0.62%,1.09
有給買取 退職時 計算方法,8,1175,0.68%,3.86
88000円 社会保険 いくら ひかれ る,8,725,1.1%,6.2
パート 社会保険 いくら 引 かれる,8,657,1.22%,4.95
夫退職 妻の扶養,8,523,1.53%,8.76
任意特定適用事業所 デメリット,8,441,1.81%,9.38
パート 賞与なし,8,435,1.84%,8.48
88000円の社会保険料,8,426,1.88%,5.31
夫退職 妻パート 扶養,8,381,2.1%,10.27
旦那が仕事を辞めた 扶養,8,299,2.68%,7.25
厚生年金,8,281,2.85%,2.28
社会保険 いくら引かれる 10万 パート,8,263,3.04%,2.15
事務所労災 現場労災 違い,8,220,3.64%,6.99
社会保険 月いくら,8,217,3.69%,1.94
社会保険加入条件 パート,8,207,3.86%,2.58
2026年4月から在職老齢年金の基準額が62万円に引き上げられ、減額対象者が減少します,8,195,4.1%,4.36
社会保険料 いくら,8,185,4.32%,2.07
任意適用事業所 任意特定適用事業所 違い,8,173,4.62%,8.98
事務労災,8,157,5.1%,6.22
非常勤役員 副業,8,149,5.37%,5.13
社会保険と雇用保険の違い,8,134,5.97%,2.15
パートの社会保険,8,101,7.92%,3.63
法人 社長の妻 雇用保険,8,35,22.86%,2.71
事務所労災 年度更新,8,24,33.33%,3.96
有給休暇 買取,7,2182,0.32%,11.22
所定労働日数 毎月 変わる,7,868,0.81%,2.57
社会保険料 88000円,7,752,0.93%,7.16
柏谷,7,494,1.42%,8.81
社会保険と国民保険の違い,7,415,1.69%,2.13
夫が退職 妻の扶養 は どうなる,7,393,1.78%,6.97
夫が退職 妻の働き方,7,363,1.93%,7.53
月給88000円 社会保険料,7,356,1.97%,5.27
国民保険,7,346,2.02%,2.2
二箇所給与 社会保険 役員 非常勤,7,330,2.12%,8.74
家族 雇用保険,7,280,2.5%,6.09
夫が会社を辞めた 扶養,7,249,2.81%,6.44
ハラスメント 境界線,7,241,2.9%,5.5
雇用契約書 退職 3ヶ月前,7,241,2.9%,6.44
遺族年金 扶養 外れる,7,161,4.35%,4.73
65歳以上 社会保険加入 デメリット,7,135,5.19%,2.67
夜勤専従 有給消化,7,134,5.22%,4.96
週20時間 社会保険 いくら,7,121,5.79%,2.02
パート 保険料,7,119,5.88%,3.1
残業代 単価 月によって違う,7,100,7%,2.07
社会保険加入手続き,7,98,7.14%,2.09
パート社会保険,7,97,7.22%,8.98
厚生年金 社会保険 違い,7,94,7.45%,1.9
事務所労災 手続き,7,86,8.14%,6.24
遺族年金 住民税 非課税,7,84,8.33%,2.12
事務所労災 保険料,7,57,12.28%,4.07
遺族年金 いつまで,7,54,12.96%,2.43
遺族年金課税対象,7,48,14.58%,2.27
退職 三ヶ月前,6,750,0.8%,8.95
有給休暇買い取り,6,686,0.87%,1.75
残業 休憩 いらない,6,561,1.07%,3.81
パート 出産手当金,6,459,1.31%,7.92
パート 慶弔休暇 無給,6,389,1.54%,9.12
教育訓練給付制度 年齢制限,6,347,1.73%,5.6
国民健康保険料,6,319,1.88%,2.26
遺族年金 パート収入 いくらまで,6,313,1.92%,2.1
6時間勤務 残業 休憩なし,6,309,1.94%,5.18
有給休暇 夜勤の場合,6,249,2.41%,5.72
60歳以上で就労時、年金と給与の合計額で年金額が調整される制度です,6,233,2.58%,2.56
社会保険料 当月徴収 違法,6,229,2.62%,9.11
社会保険に入るメリット,6,227,2.64%,2.15
夜勤 有給 計算,6,223,2.69%,4.55
遺族年金とは,6,203,2.96%,2.48
10日締め 25日払い 社会保険料,6,196,3.06%,7.71
雇用保険 別居の親族,6,189,3.17%,8.25
夫が退職 子供 の扶養 は どうなる,6,189,3.17%,9.29
遺族年金扶養家族,6,181,3.31%,4.12
夫が退職 妻の国民健康保険,6,179,3.35%,4.87
夜勤専従 有給,6,169,3.55%,4.2
一斉休憩の適用除外に関する労使協定,6,159,3.77%,8.57
手取り10万 社会保険料,6,157,3.82%,1.61
国保 保険料,6,156,3.85%,2.27
国民健康保険 社会保険 違い,6,154,3.9%,2.2
旦那が会社を辞めた,6,131,4.58%,7.66
遺族年金は所得になるのか,6,128,4.69%,2.06
遺族年金 住民税非課税世帯,6,113,5.31%,2.11
一斉休憩の適用除外 厚生 労働省,6,106,5.66%,6.65
パート勤務 社会保険,6,105,5.71%,1.96
遺族年金 収入になる,6,94,6.38%,1.94
パート 社会保険料 シュミレーション,6,91,6.59%,2.66
遺族年金から引かれるもの,6,84,7.14%,2.2
パート 社会保険料 計算,6,83,7.23%,9.77
遺族年金 介護保険料 いくら,6,73,8.22%,2.34
社会保険 パート,6,70,8.57%,5
社会保険料 計算 シュミレーション,6,67,8.96%,5.04
遺族年金 非課税 不公平,6,66,9.09%,1.91
夫 死亡 子供 の扶養に入る,6,63,9.52%,2.78
社会保険に入るとどうなる,6,63,9.52%,3.62
遺族厚生年金 非課税,6,43,13.95%,2.35
社会保険加入 いくら,6,38,15.79%,1.68
遺族年金 非課税 理由,6,37,16.22%,2.43
雇用保険 妻,6,35,17.14%,3.51
雇用保険 親族 法人,6,30,20%,4.83
扶養に入ると遺族年金はどうなる,6,28,21.43%,4.07
有給 買取 退職時,5,972,0.51%,9.67
有休買取,5,891,0.56%,1.9
月168時間労働,5,742,0.67%,5.62
退職時有給買取,5,718,0.7%,4.65
遺族年金 所得制限,5,588,0.85%,1.12
有給の買取,5,586,0.85%,5.7
有給 退職時,5,573,0.87%,5.15
有給 夜勤の場合,5,497,1.01%,5.22
雇用保険 経営者,5,457,1.09%,6.12
夫 退職 妻 パート 扶養,5,380,1.32%,10.18
夫退職 妻パート 社会保険,5,242,2.07%,6.59
主人が退職 扶養,5,242,2.07%,6.66
夜勤有給,5,237,2.11%,6.33
遺族年金 パート収入 社会保険,5,232,2.16%,1.74
雇用保険 親族 別居 加入 義務,5,226,2.21%,7.3
パート 厚生年金 いくら払う,5,215,2.33%,12.38
高額療養費 帝王切開 いくら 戻る,5,173,2.89%,10.14
試用期間 社会保険に入れてもらえない,5,158,3.16%,12.23
夫 退職 妻 パート 社会保険,5,157,3.18%,5.38
月88000円 社会保険いくら,5,151,3.31%,4.94
雇用保険 親族 別居 加入 しない,5,149,3.36%,6.91
雇用保険 親族 別居,5,144,3.47%,8.73
パートで社会保険に入るには,5,137,3.65%,1.99
息子の扶養 遺族年金,5,128,3.91%,4.7
遺族年金をもらいながら働く,5,115,4.35%,2.21
一斉休憩の適用除外 厚生労働省,5,112,4.46%,8.37
夜勤 有給 取れない,5,105,4.76%,4.21
個人事業主 社会保険 デメリット,5,104,4.81%,2.13
旦那が仕事を辞めたら,5,103,4.85%,1.95
遺族年金 税金かかる,5,94,5.32%,2.41
退職勧奨 社労士 同席,5,93,5.38%,9.85
88000円 扶養 外れる,5,91,5.49%,2.66
90000円 社会保険料,5,82,6.1%,1.87
パート 雇用保険 月いくら,5,82,6.1%,2.02
遺族年金 課税,5,82,6.1%,2.35
退職 就業規則 3ヶ月前,5,79,6.33%,4.67
パート 社会保険料計算 シュミレーション,5,78,6.41%,2.96
遺族年金 改正,5,77,6.49%,2.69
月10万 社会保険料,5,76,6.58%,1.99
社会保険に入るといくら引かれる,5,75,6.67%,1.6
社会保険に入る条件,5,65,7.69%,2.32
社会保険加入金額,5,64,7.81%,1.89
協会けんぽ,5,63,7.94%,2.16
遺族年金住民税非課税,5,63,7.94%,2.22
遺族年金をもらいながらいくらまで働ける,5,59,8.47%,1.81
遺族年金 扶養に入れない,5,58,8.62%,2.05
社会保険 パート 金額,5,57,8.77%,3.35
社会保険 途中から加入,5,56,8.93%,2.16
遺族年金 課税 非課税,5,54,9.26%,2.19
遺族厚生年金 継続給付,5,54,9.26%,3.06
教育訓練給付制度 資格一覧,5,50,10%,2.3
ジョブカン まるめ 違法,5,50,10%,4.3
一斉休憩の適用除外に関する労使協定書 届出,5,45,11.11%,1.16
遺族年金に住民税はかかりますか,5,40,12.5%,2.17
社会保険と厚生年金はセット なの,5,40,12.5%,2.75
遺族年金 住民税 いくら,5,33,15.15%,2.21
イオン パート 社会保険,5,31,16.13%,2.45
労働保険 社長の奥さん,5,29,17.24%,2.72
15日締めの25日払い 社会保険料,5,28,17.86%,1.75
遺族年金に税金はかかる,5,26,19.23%,2.04
社会保険 遺族年金 扶養,5,24,20.83%,2
横浜 社労士,4,1820,0.22%,19.38
有給買取り,4,999,0.4%,3.11
退職時 有給消化 義務,4,694,0.58%,3.61
有給消化 買取,4,628,0.64%,7.72
専門実践教育訓練給付金 年齢制限,4,441,0.91%,7.75
6時間勤務 休憩なし 残業,4,421,0.95%,6.1
夫が退職 妻の扶養,4,417,0.96%,8.12
任意特定適用事業所 わかりやすく,4,389,1.03%,8.84
役員報酬もらいながらパート,4,330,1.21%,9.29
社会保険 メリット,4,316,1.27%,42.46
最低賃金 神奈川 正社員,4,309,1.29%,6.85
有給休暇買取 退職時,4,308,1.3%,4.88
有給の買取 退職時,4,265,1.51%,5.26
同一労働同一賃金 パート 賞与なし,4,264,1.52%,10.29
夫 退職 妻の扶養,4,249,1.61%,8.86
夜勤の有給休暇,4,232,1.72%,5.6
旦那失業 妻の扶養,4,232,1.72%,7.26
退職 三ヶ月前 規定,4,227,1.76%,6.74
遺族年金 非課税 健康保険,4,222,1.8%,2.2
社保,4,220,1.82%,2.25
雇用保険 同居親族,4,220,1.82%,7.48
社会保険料 最低額,4,215,1.86%,1.98
社会保険いくら引かれる,4,206,1.94%,1.61
子供の扶養に入る と遺族年金は どうなる,4,205,1.95%,9.66
退職時 有給消化 買取,4,201,1.99%,3.67
就業規則 3ヶ月前 退職,4,199,2.01%,6.34
旦那が仕事辞めたら扶養はどうなる,4,199,2.01%,6.84
国民健康保険 いくら,4,181,2.21%,2.18
パート 厚生年金 いくら 払う,4,176,2.27%,1.62
15日締め 社会保険料,4,174,2.3%,4.69
パート 慶弔休暇 ガイドライン,4,168,2.38%,6.03
教育訓練給付金,4,164,2.44%,2.07
社会保険と国民保険,4,144,2.78%,2.54
社会保険 入らない メリット,4,141,2.84%,3.82
役員報酬とパート収入,4,132,3.03%,8.78
社会保険 国民健康保険 違い,4,128,3.12%,2.2
遺族年金 パート収入 いくらまで非課税,4,126,3.17%,4.08
週20時間 社会保険,4,124,3.23%,2.18
厚生年金と社会保険の違い,4,122,3.28%,1.98
パワハラ 指導 境界線,4,119,3.36%,4.58
ハラスメント 指導 境界線,4,118,3.39%,9.05
フレックスタイム制 代休,4,117,3.42%,8.44
遺族年金 健康保険料,4,115,3.48%,4.23
遺族年金 夫死亡 70歳以上,4,111,3.6%,2.72
就業規則 退職 三ヶ月前,4,110,3.64%,5.7
雇用保険 身内,4,109,3.67%,5.6
国保から社保 切り替え,4,105,3.81%,2.1
旦那が仕事辞めた 保険証,4,98,4.08%,5.88
雇用保険,4,97,4.12%,2.23
遺族年金税金,4,96,4.17%,2.14
主人退職後 扶養,4,96,4.17%,9.6
所定労働時間 月によって違う,4,95,4.21%,5.37
社会保険料 いくら引かれる,4,94,4.26%,2.03
社会保険入るメリット,4,93,4.3%,2.18
9万 社会保険 手取り,4,91,4.4%,2.19
雇用保険 親族 別居 義務,4,90,4.44%,6.67
国民保険と社会保険の違い,4,88,4.55%,2.36
社会保険 厚生年金 違い,4,78,5.13%,2.12
パート 社会保険料 いくら引かれる,4,76,5.26%,7.99
遺族年金受給者は非課税世帯ですか,4,72,5.56%,2.26
遺族年金 所得になる,4,68,5.88%,2.15
遺族年金 非課税世帯,4,66,6.06%,2.06
遺族年金 200万,4,59,6.78%,1.46
年収100万 社会保険料,4,53,7.55%,2.09
遺族年金税金かかる,4,52,7.69%,2.44
遺族年金をもらっている母親を扶養に入れることはできますか,4,52,7.69%,3.62
遺族年金は 年収 に 入る のか,4,52,7.69%,6.54
社会保険 いくら引かれる 10万,4,49,8.16%,2.37
厚生年金保険料 月額 いくら,4,48,8.33%,2.62
社保 最低額,4,46,8.7%,2.15
社会保険加入 パート,4,45,8.89%,2.04
遺族年金非課税世帯,4,42,9.52%,2.12
労働保険 法人成り 引継ぎ,4,39,10.26%,2.64
ハローワーク 職業訓練 60歳以上,4,36,11.11%,16.81
遺族厚生年金は非課税ですか,4,30,13.33%,2.13
パート 健康保険 加入条件,4,28,14.29%,3.07
遺族年金 税金かからない,4,27,14.81%,2.07
遺族年金住民税,4,26,15.38%,1.92
確定申告 遺族年金 雑所得,4,25,16%,2.84
最低賃金 社会保険料,4,23,17.39%,2
厚生年金 と社会保険の違い,4,21,19.05%,1.67
遺族共済年金 非課税,4,16,25%,1.94
遺族年金をもらいながら働くと非課税になりますか,4,16,25%,2
雇用保険 役員親族,4,15,26.67%,2.6
法人化 雇用保険,4,10,40%,1.9
法人成り 雇用保険,4,4,100%,1
雇用保険 役員,3,2260,0.13%,11.86
有給休暇 買い上げ 退職,3,1147,0.26%,11.14
日当 最低賃金,3,1125,0.27%,9.01
パート 産休手当,3,904,0.33%,17.01
残業 休憩,3,808,0.37%,12.85
有給休暇 退職時,3,807,0.37%,8.35
帝王切開 高額療養費,3,753,0.4%,27.01
有給休暇の買い取り,3,658,0.46%,10.39
帝王切開 高額医療費 いくら 戻る,3,502,0.6%,10.49
正社員 最低賃金 神奈川,3,359,0.84%,6.87
ハラスメント どこから,3,348,0.86%,8.66
パワハラと指導の境界線,3,283,1.06%,3.05
バイト 社会保険 いくら,3,263,1.14%,4.13
遺族年金 収入がある場合,3,256,1.17%,1.57
子供の扶養に入ると遺族年金はどうなる,3,246,1.22%,8.3
88000円 社会保険 いくら,3,220,1.36%,6.47
夫が年金受給者 妻の健康保険,3,217,1.38%,9.97
フレックス 代休,3,211,1.42%,10.06
夫婦ともに無職 扶養,3,210,1.43%,7.3
夫が定年退職 妻の健康保険,3,200,1.5%,8.84
夜勤 有給休暇 付与日数,3,197,1.52%,7.44
有給 夜勤,3,196,1.53%,5.24
パート慶弔休暇,3,195,1.54%,5.87
雇用保険 加入条件,3,191,1.57%,2.42
夫 退職,3,189,1.59%,4.04
パート 厚生年金,3,186,1.61%,5.99
社保 金額,3,185,1.62%,1.52
最低賃金 神奈川 月給,3,178,1.69%,5.26
旦那 退職,3,178,1.69%,6.08
旦那が仕事を辞めた,3,178,1.69%,7.64
夫が失業 妻の扶養,3,174,1.72%,7.07
旦那仕事辞めた 扶養,3,159,1.89%,7.51
夫が退職,3,145,2.07%,3.71
旦那退職 扶養,3,143,2.1%,5.83
事務労災とは,3,139,2.16%,7.48
パート社会保険加入条件,3,133,2.26%,2.64
遺族年金 扶養に入っ てい ない,3,131,2.29%,3.11
高額医療費制度 帝王切開,3,130,2.31%,13.35
国保 社保 違い,3,127,2.36%,2.35
パワハラ グレーゾーン事例,3,125,2.4%,4.22
遺族年金もらいながら働く,3,122,2.46%,1.5
退職三ヶ月前 就業規則,3,121,2.48%,7.57
限度額適用認定証 帝王切開,3,121,2.48%,12.45
離職票 夜勤 日数,3,120,2.5%,9.06
社会保険 いくら引かれる 9万 パート,3,119,2.52%,4.8
月9万円 社会保険料,3,118,2.54%,1.98
旦那が退職 子供の扶養,3,118,2.54%,9.12
社会保険料 15日締め,3,116,2.59%,6.24
息子 の扶養 遺族年金,3,115,2.61%,5.37
遺族年金受給者 社会保険加入,3,108,2.78%,6.56
夫が仕事を辞めた,3,108,2.78%,10.63
扶養内パート 入社 書類,3,104,2.88%,8.83
遺族年金をもらっている 扶養,3,101,2.97%,4.01
退職の有給消化 義務,3,99,3.03%,3.43
厚生年金保険料 月額 いくら パート,3,97,3.09%,1.32
事務所労災 義務化,3,96,3.12%,10.73
夫が退職 妻の社会保険,3,88,3.41%,2.6
パート社会保険いくら引かれる,3,88,3.41%,6.17
遺族年金 確定申告 必要か,3,86,3.49%,1.65
130万未満 社会保険料 いくら,3,86,3.49%,1.93
社会保険加入 金額,3,84,3.57%,1.7
夫が退職 妻の国民年金,3,81,3.7%,4.36
別居の親族 雇用保険,3,81,3.7%,7.74
夫退職,3,75,4%,3.03
パートで社会保険に入る条件,3,72,4.17%,2.06
社会保険 自分で加入,3,68,4.41%,2.01
旦那が退職 健康保険,3,68,4.41%,4.07
退職者 有休消化 義務,3,67,4.48%,6.34
パート 社保,3,65,4.62%,6.05
個人事業主から法人化 社会保険手続き,3,63,4.76%,17.75
夫退職後 健康保険,3,62,4.84%,8.55
厚生年金 加入条件,3,61,4.92%,1.98
退職時の有休消化 義務,3,61,4.92%,3.1
パート 保険,3,61,4.92%,5.18
社会保険 とは,3,58,5.17%,2.62
国民保険料,3,57,5.26%,2.25
セクハラ 境界線,3,57,5.26%,6.4
パート 社会保険 加入 タイミング,3,56,5.36%,2
社会保険 雇用保険 違い,3,56,5.36%,2.21
遺族年金は非課税か,3,56,5.36%,2.43
社会保険加入要件,3,54,5.56%,4.26
代休 残業時間 相殺 フレックス,3,54,5.56%,10.46
80000円の社会保険料,3,50,6%,4.58
パートで社会保険いくら引かれる,3,49,6.12%,1.82
社会保険メリットデメリット,3,49,6.12%,2.02
社会保険 いくら,3,46,6.52%,2.87
遺族年金 源泉徴収票,3,44,6.82%,2.32
遺族年金 年末調整 扶養,3,44,6.82%,2.43
社会保険料 計算 シュミレーション 2025,3,44,6.82%,4.41
遺族年金 年収に含まれるか,3,44,6.82%,17.11
月収15万 社会保険料,3,42,7.14%,1.76
社会保険 パート いくら,3,42,7.14%,1.95
95000円の社会保険料,3,42,7.14%,2.05
遺族年金から引かれる税金,3,42,7.14%,2.17
遺族年金 健康保険料 いくら,3,42,7.14%,12.57
週20時間 社会保険 いつから,3,41,7.32%,2.1
遺族年金は税金かかりますか,3,38,7.89%,2.21
保険付きパート,3,38,7.89%,2.68
遺族厚生年金 税金,3,37,8.11%,3.19
休憩 一斉付与 労使協定 例,3,37,8.11%,14.54
雇用保険とはパート,3,35,8.57%,2
遺族年金 後期高齢者保険料,3,35,8.57%,2.66
88000円 国民健康保険,3,34,8.82%,1.74
バイトで社会保険,3,34,8.82%,2.12
遺族年金 息子の扶養,3,33,9.09%,4.12
社会保険に入ったらいくら引かれる,3,32,9.38%,1.81
遺族年金 控除額,3,32,9.38%,2
社会保険入った方がいい,3,32,9.38%,6.34
社会保険 健康保険 違い,3,31,9.68%,1.97
社保入るメリット,3,31,9.68%,2.1
社会保険 国保 どっちがいい,3,30,10%,2
住民税非課税世帯 遺族年金,3,29,10.34%,1.9
遺族年金確定申告,3,29,10.34%,2.24
65歳以上 社会保険加入 メリット,3,28,10.71%,10.5
遺族年金生活者支援給付金,3,27,11.11%,2
遺族年金 なぜ非課税,3,27,11.11%,2.26
遺族年金に税金はかかりますか,3,26,11.54%,2.23
遺族厚生年金 非課税 理由,3,23,13.04%,2
遺族年金は非課税 意外と知られていない事実,3,23,13.04%,2.13
社会保険料 計算 パート,3,23,13.04%,2.22
社会保険料 月額,3,21,14.29%,2.1
遺族年金 後期高齢者医療保険料,3,21,14.29%,2.24
厚生年金 10年払うといくらもらえる,3,21,14.29%,2.95
遺族年金 課税されない,3,20,15%,2.2
遺族年金は確定申告するのか,3,19,15.79%,1.84
遺族厚生年金非課税,3,19,15.79%,2
社会保険 問い合わせ 電話,3,19,15.79%,2.16
息子の扶養に入る 遺族年金,3,18,16.67%,1.33
定年退職 職業訓練,3,18,16.67%,10.94
親 遺族年金 扶養,3,17,17.65%,1.76
遺族年金は非課税なのか,3,17,17.65%,2.41
遺族年金 条件,3,17,17.65%,2.76
社保に入るタイミング,3,16,18.75%,2.19
遺族年金 住民税申告,3,16,18.75%,2.19
パート 社会保険とは,3,15,20%,2.2
ハラスメント グレーゾーン,3,14,21.43%,15.14
遺族年金の税金はいくら,3,12,25%,2.75
雇用保険 役員 家族,3,11,27.27%,2.64
社会保険料 何年払えばもらえる,3,10,30%,2.1
役員の親族 雇用保険,3,10,30%,2.6
社会保険仕組み わかりやすく,3,9,33.33%,2
社労士 横浜,2,2646,0.08%,22.8
就業規則 退職,2,773,0.26%,26.03
有休 買い取り,2,748,0.27%,14.36
6時間勤務 休憩 15分,2,694,0.29%,1.26
退職 有給 買い取り,2,669,0.3%,12.91
有給 退職時 買取,2,643,0.31%,5.02
帝王切開 限度額認定証,2,595,0.34%,25.69
時季変更権 退職時,2,567,0.35%,10.25
同一労働同一賃金 賞与,2,523,0.38%,22.31
月88000円,2,474,0.42%,11.8
退職 有給,2,451,0.44%,13.85
アルバイト 社会保険 いくら,2,447,0.45%,2.11
降給,2,445,0.45%,9.45
出産手当金 パート,2,438,0.46%,10.06
最低賃金 月給,2,403,0.5%,8.35
年休 買取,2,379,0.53%,8.82
社長は雇用保険に入れない,2,364,0.55%,8.11
有給の買い取り 退職時,2,343,0.58%,5.38
夫が無職 妻の扶養,2,304,0.66%,7.73
退職時 有給休暇 買取,2,275,0.73%,5.15
所定労働時間 168時間,2,265,0.75%,5.68
給与担当,2,249,0.8%,10.08
ハラスメント 判断基準,2,245,0.82%,10.49
労働時間 休憩,2,243,0.82%,41.08
"月 88,000円 社会保険 いくら",2,238,0.84%,5.68
パート 賞与なし 理由,2,238,0.84%,7.94
88000円 扶養,2,220,0.91%,4.63
マタハラ グレーゾーン,2,216,0.93%,8.5
旦那が失業 妻の扶養,2,206,0.97%,7.18
残業時間 休憩,2,183,1.09%,5.75
パート 社会保険 加入条件,2,178,1.12%,2.53
退職時の有給休暇の買い取り,2,175,1.14%,5.95
退職3ヶ月前 就業規則,2,175,1.14%,7.01
パート ボーナスなし,2,172,1.16%,11.63
有給休暇 法律 退職,2,166,1.2%,2.99
月9万 社会保険料,2,165,1.21%,2.11
旦那退職,2,164,1.22%,6.8
有給買取 退職,2,162,1.23%,5.46
遺族年金 所得,2,160,1.25%,1.13
有給 退職 買取,2,156,1.28%,6.21
有休の買取,2,153,1.31%,1.73
夫が退職 妻の扶養 は どうなる 知恵袋,2,153,1.31%,10.67
会社規定 退職,2,150,1.33%,7.86
パート 産前産後休暇,2,146,1.37%,9.04
有給買取 デメリット 退職,2,143,1.4%,4.28
遺族年金 確定申告必要か,2,141,1.42%,1.82
旦那 無職 子供 扶養,2,141,1.42%,8.68
夫が退職したら妻は扶養から外れますか,2,138,1.45%,7.74
神奈川県 最低月給,2,129,1.55%,5.76
横浜 社労士事務所,2,127,1.57%,10.67
有休 退職時 買取,2,124,1.61%,5.92
試用期間満了 解雇 能力不足,2,124,1.61%,11.72
遺族年金 もらいながら いくらまで 働ける か,2,122,1.64%,1.23
パワハラ 境界線,2,121,1.65%,7
旦那が退職 妻の年金,2,120,1.67%,5.53
6時間 休憩なし 残業,2,115,1.74%,3.71
教育訓練給付金 年齢制限,2,113,1.77%,5.84
退職 有給買い取り,2,107,1.87%,5.55
夜勤の有給,2,104,1.92%,5.25
社会保険 最低金額,2,96,2.08%,2.31
退職 有給休暇 買取,2,96,2.08%,5.42
月平均所定労働時間 173時間,2,96,2.08%,15.23
休憩時間 残業,2,94,2.13%,12.8
帝王切開 高額療養費 いくら戻る,2,92,2.17%,13.39
遺族年金 最高額,2,91,2.2%,1.52
有給休暇 退職時 法律,2,91,2.2%,6.04
退職後 妻の健康保険,2,90,2.22%,9.5
有給 買取 拒否,2,90,2.22%,9.72
有給退職時,2,89,2.25%,2.69
残業時の休憩時間,2,87,2.3%,7.15
遺族年金 支給停止 収入,2,86,2.33%,1.47
休憩時間 労使協定,2,86,2.33%,6.1
休憩なし 残業,2,85,2.35%,3.82
社保加入サービス,2,85,2.35%,4.74
労働保険 役員の家族,2,85,2.35%,7.24
夫退職 妻の年金,2,84,2.38%,5.5
パート 88000円 社会保険 いくら,2,84,2.38%,6.31
8万8千円 超えたら 社会保険,2,84,2.38%,7.5
経営者 失業保険,2,84,2.38%,14.06
自主的に休憩を取らない,2,84,2.38%,24.31
国民保険 社会保険 違い,2,83,2.41%,2.49
横浜市 社会保険労務士,2,81,2.47%,49.17
社会保険 いくら 引 かれる 15万 パート,2,80,2.5%,2.16
月収9万円 社会保険料,2,80,2.5%,2.64
15日締め 退職 社会保険,2,79,2.53%,6.87
事業所労災,2,79,2.53%,8.08
高額療養費 帝王切開,2,78,2.56%,13.65
社会保険と国民保険どっちが安い,2,77,2.6%,2.48
帝王切開 限度額適用認定証 いくら戻る,2,75,2.67%,13.85
遺族年金 国民健康保険料 いくら,2,72,2.78%,2.39
家族従業者 雇用保険,2,72,2.78%,5.76
社会保険のメリット,2,72,2.78%,6.64
社保 メリット,2,70,2.86%,8.37
遺族年金 扶養に入っていない,2,69,2.9%,5.62
遺族年金 課税対象,2,66,3.03%,2.17
任意特定適用事業所 条件,2,66,3.03%,9.61
社会保険に加入させない会社 理由,2,65,3.08%,2.94
社会保険 厚生年金 セット,2,65,3.08%,3.15
降給 同意書,2,65,3.08%,18.26
遺族厚生年金 金額 早見表,2,64,3.12%,2.91
遺族年金もらってる人の働き方,2,63,3.17%,1.83
障害者 社会保険加入 メリット,2,62,3.23%,2.32
厚生年金 パート,2,62,3.23%,2.35
任意特定適用事業所 とは,2,62,3.23%,9.79
遺族年金もらいながらパート,2,61,3.28%,4.85
パート 入社時 必要書類,2,60,3.33%,11.57
バイト 社会保険 入りたくない 理由,2,59,3.39%,1.85
遺族年金 もらい ながら いくら まで 働ける か,2,59,3.39%,2.08
自分で社会保険に入る,2,59,3.39%,2.27
グレーゾーン ハラスメント 例,2,59,3.39%,2.9
年金,2,59,3.39%,3.29
社会保険 入るメリット,2,58,3.45%,2.26
70歳以上 社会保険加入 メリット,2,58,3.45%,2.28
社会保険料いくら引かれる,2,57,3.51%,2.11
教育訓練給付金 資格一覧,2,57,3.51%,5.93
国民健康保険から社会保険への切り替え,2,56,3.57%,2.38
社会保険とは パート,2,54,3.7%,2.35
社会保険いくら引かれる パート,2,54,3.7%,3.48
社会保険 給料いくらから,2,53,3.77%,2.06
社会保険とは 簡単に,2,53,3.77%,2.15
パート 社会保険 加入したい,2,53,3.77%,3.64
8.8万円 社会保険,2,53,3.77%,8.13
社保 いくら引かれる,2,51,3.92%,1.86
週30時間 社会保険,2,51,3.92%,2.02
健康保険料 パート,2,50,4%,1.72
月平均所定労働時間,2,50,4%,24.22
雇用保険と社会保険 パート,2,49,4.08%,1.98
遺族厚生年金,2,49,4.08%,2.49
フレックス 振替休日,2,49,4.08%,12.92
パート 社会保険 加入手続き 書類,2,48,4.17%,2
社労士 ハラスメント相談,2,48,4.17%,8.46
帝王切開 費用 限度額認定証,2,48,4.17%,10.25
社保に入るメリット,2,47,4.26%,2.11
15日締め 月末退職 給料,2,46,4.35%,12.54
遺族年金 確定申告 医療費控除,2,45,4.44%,1.42
遺族年金 収入がある場合 確定申告,2,45,4.44%,2.04
国保,2,45,4.44%,2.53
8万円 社会保険料,2,45,4.44%,3.8
退職 1ヶ月前 就業規則,2,45,4.44%,15.51
高校卒業までにいくら貯金,2,44,4.55%,1.98
健康保険料 計算 シュミレーション,2,44,4.55%,3.36
厚生年金 入らない方が得,2,44,4.55%,4.3
健康保険 88000円,2,44,4.55%,5.39
職業訓練 65歳以上,2,44,4.55%,11.11
遺族年金 いくら,2,43,4.65%,2.58
旦那 失業 妻の扶養,2,42,4.76%,7.4
社会保険 最低額,2,41,4.88%,2.1
社会保険料 一番安い,2,41,4.88%,2.1
夫が定年 したら 妻の働き方,2,41,4.88%,28.83
退職 3ヶ月前 契約書,2,40,5%,6.2
遺族年金収入がある場合 確定申告,2,39,5.13%,1.59
社会保険料 早見表,2,38,5.26%,3.71
休憩 一斉付与 適用除外,2,37,5.41%,2
社会保険料 最低,2,37,5.41%,2.08
月収9万 社会保険料,2,37,5.41%,6.57
65歳以上 職業訓練,2,37,5.41%,10.7
パート 健康保険,2,37,5.41%,40
社会保険料 毎月変わる パート,2,36,5.56%,2.14
社会保険 国民保険 違い,2,36,5.56%,2.19
失業保険 身内の会社,2,35,5.71%,4.23
夫が退職 国民健康保険,2,35,5.71%,7.31
パート社会保険料いくら引かれる,2,34,5.88%,2.47
帝王切開 高額療養費 いくら,2,34,5.88%,11.53
10万円 社会保険料,2,32,6.25%,1.97
遺族年金は課税対象か,2,32,6.25%,2.19
社会保険がかかる金額,2,31,6.45%,2
遺族年金 税金がかからない,2,31,6.45%,2.32
国民健康保険 社会保険 どっち,2,31,6.45%,2.71
教育訓練,2,31,6.45%,2.71
社会保険 加入 メリット,2,31,6.45%,7.39
遺族年金所得税,2,29,6.9%,2.48
8万8千円 社会保険いくら,2,29,6.9%,5.86
社会保険 自分で加入 パート,2,29,6.9%,7.79
夜勤専従 有給付与,2,29,6.9%,8.45
労働保険 家族従業員 法人,2,29,6.9%,9.66
非課税世帯 遺族年金,2,28,7.14%,2.21
雇用保険 計算,2,28,7.14%,2.36
遺族年金の税金は,2,28,7.14%,2.46
遺族年金 もらえる人,2,28,7.14%,3.18
退職勧奨 解雇 違い,2,28,7.14%,21.11
月90000円 社会保険料,2,27,7.41%,1.93
非課税 遺族年金,2,27,7.41%,1.93
社会保険 加入手続き,2,27,7.41%,2
社会保険加入するとどうなる,2,27,7.41%,2
社会保険加入のメリット,2,27,7.41%,2.15
扶養内パート 入社 手続き,2,27,7.41%,2.96
厚生年金 加入期間,2,26,7.69%,2.46
10万円 社会保険料 いくら,2,26,7.69%,2.5
子供 の扶養に入る と 遺族年金は どうなる,2,26,7.69%,2.58
第3号被保険者 夫が退職,2,26,7.69%,3.31
社保メリット,2,26,7.69%,7.73
退職時の有休買取,2,26,7.69%,8.42
社保完備,2,25,8%,2.28
アルバイト 社会保険 加入条件,2,25,8%,2.92
厚生年金 いくらから加入,2,24,8.33%,2
旦那の扶養に入ったまま社会保険,2,24,8.33%,10.33
退職 3週間前,2,24,8.33%,11.38
パート働き方 社会保険,2,23,8.7%,2
社会保険 入るとどうなる,2,23,8.7%,2.04
10万円社会保険料,2,23,8.7%,2.13
ライフ パート 社会保険,2,23,8.7%,2.22
遺族年金の計算方法,2,23,8.7%,2.3
健康保険料 計算,2,23,8.7%,2.96
扶養控除 遺族年金 親,2,23,8.7%,4.26
役員 失業したら,2,23,8.7%,20.04
社保 国保 どっちがいい,2,22,9.09%,2.23
雇用保険 金額,2,22,9.09%,3.09
夫が退職 妻の国民年金 手続き,2,22,9.09%,5.82
フリーター 社会保険 いくら引かれる,2,21,9.52%,1.48
国保と社保 どちらが高い,2,21,9.52%,2
週20時間未満 社会保険加入したい,2,21,9.52%,2
雇用保険 と社会保険の違い,2,21,9.52%,2
96000円 社会保険,2,21,9.52%,2.05
国民健康保険料 計算 シュミレーション,2,21,9.52%,3.1
主婦パート 社会保険,2,20,10%,2.3
休憩 労使協定,2,20,10%,11.35
遺族年金には税金がかからない,2,19,10.53%,2.58
社会保険を払うメリット,2,18,11.11%,2.06
社会保険料 月いくら,2,18,11.11%,2.5
社会保険の加入条件,2,18,11.11%,2.61
試用期間 本採用拒否 能力不足,2,18,11.11%,53.78
雇用保険と社会保険 どっちがいい,2,17,11.76%,2
パート いつから社会保険,2,17,11.76%,2.29
遺族年金は住民税非課税ですか,2,17,11.76%,2.35
全国健康保険協会,2,17,11.76%,3.18
国民年金 厚生年金,2,17,11.76%,3.24
65歳 職業訓練,2,17,11.76%,11.18
厚生年金加入期間,2,16,12.5%,2
社会保険デメリット,2,16,12.5%,2.19
社会保険完備とは,2,16,12.5%,2.56
遺族年金 被扶養者,2,16,12.5%,7.25
社会保険 相談 市役所,2,15,13.33%,3.27
遺族年金 扶養 子供,2,15,13.33%,3.47
2025年度、支給停止基準額が51万円に引き上げられました。高齢者の労働を後押しします,2,15,13.33%,5.2
社保 月額,2,14,14.29%,2.14
遺族年金確定申告必要か,2,14,14.29%,2.21
社会保険料 令和7年,2,14,14.29%,2.79
遺族厚生年金 受給要件,2,14,14.29%,2.93
帝王切開 高額療養費 計算,2,14,14.29%,13.14
遺族年金 親 扶養,2,13,15.38%,1.85
パート 社会保険料 会社負担,2,13,15.38%,2
パート 社会保険料 いくらから,2,13,15.38%,2.31
パート 社保 いくら引かれる,2,13,15.38%,2.62
扶養控除,2,13,15.38%,2.77
厚生年金 88000円以下,2,13,15.38%,20.31
最低賃金 社会保険,2,12,16.67%,1.83
給料10万円 社会保険料,2,12,16.67%,1.92
社会保険料金額,2,12,16.67%,2.08
パート社会保険加入,2,12,16.67%,2.25
社会保険 相談窓口,2,12,16.67%,2.42
厚生年金 一年だけ加入,2,12,16.67%,2.83
就業規則 2ヶ月前 退職,2,12,16.67%,3.67
一斉休憩の適用除外に関する労使協定書 例,2,12,16.67%,16.67
社会保険加入はいくらから,2,11,18.18%,2
主婦 社会保険,2,11,18.18%,2.09
社会保険料を払うメリット,2,11,18.18%,2.09
国保か社保か,2,11,18.18%,2.18
社会保険に入った方がいいのか,2,11,18.18%,2.18
社会保険入ったほうがいい,2,11,18.18%,2.91
社会保険料いくら払う,2,10,20%,1.8
社会保険 何年払えば,2,10,20%,2
社会保険料 安くする方法 パート,2,10,20%,2
遺族年金は非課税なの,2,10,20%,2
遺族年金受給者 確定申告,2,10,20%,2.4
遺族年金廃止 いつから？,2,10,20%,4
遺族年金 所得 計算,2,10,20%,4.3
現場労災 事務所労災 按分,2,10,20%,12.6
宿直 月10回,2,10,20%,22
時給 社会保険料 計算,2,9,22.22%,2
社会保険 相談窓口 無料,2,9,22.22%,2.22
遺族年金 介護保険料,2,9,22.22%,2.22
遺族年金年末調整,2,9,22.22%,17.67
パート 社会保険 計算,2,8,25%,5
親を扶養に入れる デメリット 75歳以上,2,8,25%,10.12
社会保険と厚生年金の違い,2,7,28.57%,2.14
雇用保険のみ 社会保険なし,2,7,28.57%,2.29
2026年度から在職老齢年金の支給停止調整額が65万円に改定されます,2,7,28.57%,2.57
社会保険の相談 どこ,2,7,28.57%,2.57
途中から社会保険加入,2,6,33.33%,2
労働基準法第39条,2,6,33.33%,3.33
退職後 社会保険料 請求 され た 無視,2,6,33.33%,34.17
算定基礎届 夜勤,2,5,40%,1.2
社会保険に入らず雇用保険に入る,2,5,40%,2
近くの社会保険事務所,2,5,40%,2
遺族年金 手続き,2,5,40%,2
遺族年金 夫死亡 80歳以上 専業主婦,2,5,40%,2.6
社会保険料とは 国民健康保険,2,5,40%,4.6
不利益変更 個別同意,2,5,40%,18.4
教育訓練給付制度 何年ごと,2,5,40%,32.6
65歳 社会保険加入,2,4,50%,1.5
会社の保険,2,4,50%,2
雇用保険に入って社会保険に入らない,2,4,50%,18
遺族年金 夫死亡 70歳以上 専業主婦,2,3,66.67%,1.67
月給10万円 社会保険料,2,3,66.67%,2
週20時間未満 社会保険加入 したい,2,3,66.67%,2
パート 社会保険 得する年収,2,3,66.67%,2.33
遺族年金 市県民税,2,3,66.67%,2.33
遺族年金廃止 専業主婦,2,3,66.67%,2.67
親の年金 扶養,2,3,66.67%,18.67
保育士 パート 社会保険,2,2,100%,2
国民年金 月額,2,2,100%,2
社会保険パート加入条件,2,2,100%,2
遺族年金 廃止 いつから 知恵袋,2,2,100%,2
雇用保険加入手続き ハローワーク,2,2,100%,2
月末退職 社会保険料 2 か 月分 知恵袋,2,2,100%,23
有休 買取,1,1152,0.09%,4.83
社長 雇用保険,1,898,0.11%,10.35
退職 就業規則,1,767,0.13%,27.05
ダブルワーク 社会保険,1,765,0.13%,9.82
日給 最低賃金,1,752,0.13%,10.59
6時間勤務 休憩なし 違法,1,735,0.14%,3.04
退職時の有給休暇,1,714,0.14%,11.51
社会保険労務士 横浜,1,643,0.16%,38.87
社会保険 88000円,1,581,0.17%,13.01
有給休暇 買取 退職時,1,581,0.17%,13.66
夫 退職 妻の扶養に入る,1,572,0.17%,3.24
退職 有給買取,1,551,0.18%,8.85
168時間 労働,1,536,0.19%,7.04
有給買い取り,1,524,0.19%,4.56
退職時 有給休暇,1,486,0.21%,14.34
就業規則 変更 同意しない,1,431,0.23%,16.03
残業中の休憩時間,1,418,0.24%,15.9
パート 育休,1,405,0.25%,38.6
退職 3ヶ月,1,402,0.25%,11.51
特定適用事業所とは,1,386,0.26%,6.54
旦那退職 妻の扶養,1,385,0.26%,8.96
遺族年金 収入制限,1,378,0.26%,1.17
産休手当 パート,1,373,0.27%,15.99
15日退職 社会保険料,1,365,0.27%,9.45
神奈川 最低賃金 月給,1,350,0.29%,4.88
最低賃金 日給の場合,1,347,0.29%,9.45
最低月給,1,342,0.29%,9
旦那が退職 妻の扶養,1,318,0.31%,7.91
遺族年金 年収制限,1,315,0.32%,1.1
社労士事務所 横浜,1,313,0.32%,20.01
有給休暇 の買取,1,311,0.32%,17.87
退職3ヶ月前,1,310,0.32%,9.15
タイムカード 15分単位,1,309,0.32%,33.68
降給とは,1,293,0.34%,3.95
1ヶ月168時間労働,1,280,0.36%,7.24
夫失業 妻の扶養,1,264,0.38%,6.76
有給 夜勤手当 つか ない,1,261,0.38%,11.84
最低賃金 日給,1,257,0.39%,10.84
夜勤勤務日数 数え方,1,250,0.4%,4.68
退職 有給消化 買取,1,239,0.42%,4.17
88000円超えたら,1,232,0.43%,2.12
平均所定労働時間（1か月当たり）: 168時間,1,218,0.46%,2.53
最低日給,1,202,0.5%,9.2
社会保険 扶養 条件,1,199,0.5%,1.21
宿直 残業代,1,193,0.52%,9.5
自己都合退職 有給買取,1,187,0.53%,27.32
退職 2週間前 就業規則,1,184,0.54%,18.94
家族従事者 雇用保険,1,181,0.55%,6.75
社労士事務所,1,174,0.57%,8.37
経営者は雇用保険に入れない,1,173,0.58%,8.29
月88000円 社会保険,1,171,0.58%,2.42
退職有給買取,1,168,0.6%,4.52
雇用保険 加入できない人,1,166,0.6%,37.46
退職 就業規則 3ヶ月,1,161,0.62%,8.5
社労士 横浜市,1,161,0.62%,26.3
任意特定事業所,1,159,0.63%,7.65
6時間勤務 休憩なし,1,159,0.63%,10.43
労働基準法 休憩時間 残業,1,159,0.63%,14.93
日給制 最低賃金,1,158,0.63%,10.32
パート月88000円超えたらどうなる,1,153,0.65%,2.57
休憩時間,1,153,0.65%,26.65
夫が退職後 健康保険,1,149,0.67%,6.64
夫が仕事を辞めた 扶養,1,148,0.68%,6.35
遺族年金 収入,1,147,0.68%,1.18
社会保険 国民健康保険,1,147,0.68%,2.38
旦那 無職 扶養,1,147,0.68%,8.15
社会保険 自分で加入 いくら,1,146,0.68%,1.77
社会保険 いくら引かれる 15万 パート,1,146,0.68%,3.03
有給 買取り,1,144,0.69%,2.03
二 箇所 給与 社会保険 役員 非常勤,1,144,0.69%,10.35
有給休暇買取制度,1,144,0.69%,25.47
雇用保険 加入条件 役員,1,143,0.7%,9.38
有給消化 有給買取 どっちが得,1,143,0.7%,15.54
社会保険料88000円,1,138,0.72%,7.27